{"cameraMode":{"drawMode":0,"name":"Shaded","section":"Shading Mode"},"sceneLighting":true,"audioPlay":false,"sceneViewState":{"showFog":true,"showMaterialUpdate":false,"showSkybox":true,"showFlares":true,"showImageEffects":true,"showParticleSystems":true,"showVisualEffectGraphs":true,"m_FxEnabled":true},"in2DMode":false,"pivot":{"x":31.452484130859376,"y":22.851577758789064,"z":12.227351188659668},"rotation":{"x":-0.05664263293147087,"y":0.7014778256416321,"z":-0.05610547959804535,"w":-0.7082421779632568},"size":100.27552795410156,"orthographic":false}